epoch;categorical_accuracy;loss;lr;one_hot_mean_iou;val_categorical_accuracy;val_loss;val_one_hot_mean_iou
0;0.1262572854757309;1.4966046810150146;1e-04;0.04452792555093765;0.08937202394008636;1.3171666860580444;0.026953184977173805
1;0.32373300194740295;1.2917057275772095;1e-04;0.09552901238203049;0.5894232392311096;1.1723626852035522;0.15612994134426117
2;0.7517074942588806;1.120057225227356;1e-04;0.19527269899845123;0.8899414539337158;1.0403730869293213;0.22309523820877075
3;0.854691207408905;0.9723246097564697;1e-04;0.2147773653268814;0.9075350761413574;0.9235795736312866;0.22691459953784943
4;0.877857506275177;0.8509511351585388;1e-04;0.21973946690559387;0.9118660092353821;0.8249409198760986;0.22796939313411713
0;0.8980175256729126;0.6619117856025696;1e-04;0.22456017136573792;0.9179888963699341;0.6871747374534607;0.22949764132499695
1;0.9083724617958069;0.5053492784500122;1e-04;0.2271043211221695;0.9197144508361816;0.5859360694885254;0.2299286127090454
2;0.9154748320579529;0.4160122871398926;1e-04;0.22887320816516876;0.9198629260063171;0.4927809238433838;0.22996573150157928
3;0.9121529459953308;0.3777393698692322;1e-04;0.2280382663011551;0.9198768734931946;0.41415831446647644;0.22996921837329865
4;0.9065537452697754;0.36298346519470215;1e-04;0.22663842141628265;0.9198763370513916;0.3658362627029419;0.2299690842628479
5;0.9184959530830383;0.30936479568481445;1e-04;0.22962398827075958;0.9198784232139587;0.3244629502296448;0.22996960580348969
6;0.912767767906189;0.30247992277145386;1e-04;0.22819194197654724;0.9198774099349976;0.2880839705467224;0.2299693524837494
7;0.9085053205490112;0.28003227710723877;1e-04;0.22712679207324982;0.9198784232139587;0.26568278670310974;0.22996960580348969
8;0.9167361855506897;0.249245747923851;1e-04;0.23577378690242767;0.9198776483535767;0.2423599660396576;0.2299712896347046
9;0.9158567786216736;0.24040508270263672;1e-04;0.25058576464653015;0.9199389219284058;0.2387956827878952;0.2305171936750412
10;0.9241634011268616;0.24077901244163513;1e-04;0.3071240484714508;0.9297500848770142;0.22624336183071136;0.2976056933403015
11;0.9235022664070129;0.226465106010437;1e-04;0.3080343008041382;0.9354248046875;0.22467707097530365;0.3331507444381714
12;0.9305763244628906;0.2185392826795578;1e-04;0.3533462882041931;0.9257628917694092;0.23758605122566223;0.32974398136138916
13;0.9329628348350525;0.21381643414497375;1e-04;0.32946884632110596;0.938862681388855;0.19303692877292633;0.3522615432739258
14;0.9305306673049927;0.20167149603366852;1e-04;0.3431137800216675;0.9352776408195496;0.18065036833286285;0.3495975732803345
15;0.9294584393501282;0.1968318074941635;1e-04;0.3244609832763672;0.9460420608520508;0.1583196371793747;0.3720701336860657
16;0.9331880211830139;0.19176611304283142;1e-04;0.35157182812690735;0.9476450085639954;0.15098106861114502;0.3767355680465698
17;0.9424688816070557;0.17112267017364502;1e-04;0.3683505654335022;0.9472839832305908;0.145353764295578;0.37434327602386475
18;0.9372965097427368;0.18592321872711182;1e-04;0.3550077974796295;0.9475446939468384;0.15113912522792816;0.3740493953227997
19;0.9385291934013367;0.17816545069217682;1e-04;0.3636215329170227;0.9468409419059753;0.15353721380233765;0.37342578172683716
20;0.9404633045196533;0.16571830213069916;1e-04;0.3635055422782898;0.9486317038536072;0.14177222549915314;0.3807019591331482
21;0.9328027367591858;0.17829635739326477;1e-04;0.36432382464408875;0.9447029232978821;0.14673727750778198;0.39266449213027954
22;0.9453971982002258;0.15687508881092072;1e-04;0.38320833444595337;0.94983971118927;0.1381586194038391;0.42637065052986145
23;0.937633216381073;0.16810961067676544;1e-04;0.39644360542297363;0.956960141658783;0.1277826577425003;0.4920840859413147
24;0.9549677968025208;0.136166051030159;1e-04;0.47715213894844055;0.9588348865509033;0.11899355798959732;0.5166380405426025
25;0.9488023519515991;0.1606016457080841;1e-04;0.4537065625190735;0.9616968035697937;0.11239997297525406;0.5310867428779602
26;0.9499126672744751;0.1574101597070694;1e-04;0.4710395336151123;0.9623169898986816;0.11184431612491608;0.5416563749313354
27;0.9565075635910034;0.14010092616081238;1e-04;0.5377599000930786;0.9618548154830933;0.11752880364656448;0.5473172664642334
28;0.9540594220161438;0.13057157397270203;1e-04;0.5172553062438965;0.9608836770057678;0.11501940339803696;0.5506241321563721
29;0.959233820438385;0.12959085404872894;1e-04;0.5308455228805542;0.9613828659057617;0.11307055503129959;0.5514532923698425
30;0.9558068513870239;0.12765558063983917;1e-04;0.5325003862380981;0.9614917039871216;0.1067868247628212;0.5542198419570923
31;0.9564046263694763;0.12399696558713913;1e-04;0.5313977003097534;0.9551709890365601;0.12206533551216125;0.5315767526626587
32;0.9519963264465332;0.13835667073726654;1e-04;0.5241870880126953;0.9590244889259338;0.11475681513547897;0.5451680421829224
33;0.9561792016029358;0.1250888556241989;1e-04;0.5094839930534363;0.9607495069503784;0.11337164044380188;0.5532804727554321
34;0.954428493976593;0.13028459250926971;1e-04;0.5389764904975891;0.9619417190551758;0.10902050882577896;0.5562755465507507
35;0.9585337042808533;0.11458899825811386;1e-04;0.5429528951644897;0.9591938853263855;0.11630615592002869;0.543129026889801
36;0.9593515992164612;0.1176946833729744;1e-04;0.5479324460029602;0.9550072550773621;0.11843615770339966;0.5310399532318115
37;0.9551578164100647;0.12035926431417465;1e-04;0.541991114616394;0.9581347703933716;0.11358348280191422;0.5478624701499939
38;0.9561100006103516;0.11889442056417465;1e-04;0.5525410175323486;0.9606413841247559;0.10557505488395691;0.5541202425956726
39;0.9612677097320557;0.10022018849849701;1e-04;0.5691589117050171;0.9605891108512878;0.0989832952618599;0.5531437993049622
40;0.9611387252807617;0.10568089783191681;1e-04;0.5929058790206909;0.9622820615768433;0.09540677815675735;0.564461350440979
41;0.9627348184585571;0.0946812704205513;1e-04;0.5784874558448792;0.9613813161849976;0.0967085063457489;0.5539770126342773
42;0.9611067175865173;0.1013343334197998;1e-04;0.5805331468582153;0.960683286190033;0.09610694646835327;0.5498557090759277
43;0.9611135125160217;0.09608776867389679;1e-04;0.5700128078460693;0.9612341523170471;0.09792014211416245;0.5593098402023315
44;0.9591547250747681;0.10476605594158173;1e-04;0.5587447285652161;0.9647661447525024;0.08765245974063873;0.5802508592605591
45;0.9556111693382263;0.10624109953641891;1e-04;0.5570820569992065;0.9523377418518066;0.11701532453298569;0.5331215858459473
46;0.9602781534194946;0.09670529514551163;1e-04;0.5771359205245972;0.9599482417106628;0.09906957298517227;0.5734001994132996
47;0.9630977511405945;0.10348770022392273;1e-04;0.589621365070343;0.9575034976005554;0.10437905043363571;0.5882289409637451
48;0.9646726250648499;0.09716776758432388;1e-04;0.6381745934486389;0.9528917074203491;0.11479979753494263;0.5411985516548157
49;0.966183066368103;0.09339366108179092;1e-04;0.6594507098197937;0.9523359537124634;0.11570943892002106;0.5599832534790039
50;0.9647672176361084;0.1124243214726448;1e-04;0.6423845291137695;0.9485225081443787;0.14209991693496704;0.6008149981498718
51;0.9714441299438477;0.0918302908539772;1e-04;0.6796075105667114;0.9695258736610413;0.0966884195804596;0.6644413471221924
52;0.9738454222679138;0.08475097268819809;1e-04;0.7350954413414001;0.9771757125854492;0.0894089862704277;0.7588047385215759
53;0.9708306193351746;0.09678693860769272;1e-04;0.7190366983413696;0.98009192943573;0.07923693209886551;0.7893133759498596
54;0.9739590883255005;0.09706243127584457;1e-04;0.7281595468521118;0.9836775064468384;0.0732855424284935;0.8221007585525513
55;0.9740262627601624;0.09248572587966919;1e-04;0.7364696264266968;0.976614236831665;0.09018853306770325;0.7360334992408752
56;0.9803049564361572;0.07702882587909698;1e-04;0.7793388962745667;0.98557448387146;0.0700572207570076;0.8525179028511047
57;0.9802832007408142;0.07888995110988617;1e-04;0.8001486659049988;0.985239565372467;0.07185923308134079;0.8353793621063232
58;0.9825329780578613;0.07373765110969543;1e-04;0.8217757940292358;0.9857087135314941;0.06573207676410675;0.8576101064682007
59;0.9872273802757263;0.06043463200330734;1e-04;0.8601688146591187;0.9813488721847534;0.07272351533174515;0.7999998331069946
60;0.986140787601471;0.06236658990383148;1e-04;0.8533028960227966;0.9850849509239197;0.06547188758850098;0.8372863531112671
61;0.9849501252174377;0.0680013969540596;1e-04;0.8453060984611511;0.9850797653198242;0.06400053203105927;0.851951003074646
62;0.9852604269981384;0.06579197943210602;1e-04;0.8541532754898071;0.9863268136978149;0.05835477635264397;0.8597722053527832
63;0.9854226112365723;0.07024669647216797;1e-04;0.8375843167304993;0.9848161935806274;0.06026919558644295;0.8529787063598633
64;0.9860953092575073;0.0663570910692215;1e-04;0.8565276861190796;0.9823212623596191;0.060486048460006714;0.825537919998169
65;0.9843550324440002;0.07096302509307861;1e-04;0.8557512760162354;0.9851211309432983;0.05718657374382019;0.8558780550956726
66;0.9848934412002563;0.06609876453876495;1e-04;0.8502527475357056;0.9835218191146851;0.05716904252767563;0.8445267677307129
67;0.9841646552085876;0.06360320001840591;1e-04;0.83978670835495;0.98394775390625;0.056752096861600876;0.8566569089889526
68;0.986089289188385;0.060180921107530594;1e-04;0.839288592338562;0.9845710396766663;0.05367985740303993;0.8662796020507812
69;0.9851559996604919;0.06930378824472427;1e-04;0.846109926700592;0.9831900000572205;0.05673548951745033;0.8588243722915649
70;0.9846853017807007;0.06982316821813583;1e-04;0.8380692601203918;0.9860612154006958;0.048493824899196625;0.8720525503158569
71;0.9838156700134277;0.06711862981319427;1e-04;0.8356009721755981;0.9875304698944092;0.04661554843187332;0.8809379935264587
72;0.9829644560813904;0.06320290267467499;1e-04;0.8311251401901245;0.9871236681938171;0.04948372766375542;0.8734225630760193
73;0.9759255647659302;0.08480622619390488;1e-04;0.7731894254684448;0.9815050363540649;0.05861862376332283;0.8434920310974121
74;0.9819635152816772;0.07169666886329651;1e-04;0.8218514919281006;0.9820693731307983;0.057548344135284424;0.8375719785690308
75;0.9876485466957092;0.04865105822682381;1e-04;0.8744425773620605;0.9835906028747559;0.055174022912979126;0.8541245460510254
76;0.9855416417121887;0.05582018941640854;1e-04;0.8587034940719604;0.9863350987434387;0.0480988509953022;0.8762670159339905
77;0.9876542091369629;0.05420754477381706;1e-04;0.8773555755615234;0.9861041307449341;0.051023922860622406;0.8687470555305481
78;0.9879217743873596;0.05101541057229042;1e-04;0.8812522888183594;0.98561692237854;0.04913409426808357;0.8697413206100464
79;0.9823682308197021;0.06573177874088287;1e-04;0.8240352869033813;0.9735221266746521;0.08043009042739868;0.7831445932388306
80;0.9860343337059021;0.05881079286336899;1e-04;0.8697648048400879;0.9751793742179871;0.0783906802535057;0.7986823320388794
81;0.9863370656967163;0.05558967590332031;1e-04;0.8674882054328918;0.9774648547172546;0.07205697894096375;0.8129605650901794
82;0.9845618009567261;0.06569616496562958;1e-04;0.8465102910995483;0.9824821352958679;0.05863057076931;0.848450243473053
83;0.9888920187950134;0.04400964453816414;1e-04;0.8878598809242249;0.9814719557762146;0.06188228726387024;0.8368638753890991
84;0.9890673756599426;0.04513843357563019;1e-04;0.8895056247711182;0.9842320084571838;0.054061148315668106;0.8603318333625793
85;0.9859313368797302;0.05474017933011055;1e-04;0.8625634908676147;0.9843711256980896;0.05559691786766052;0.8615192174911499
86;0.9838082194328308;0.0640912652015686;1e-04;0.8475269079208374;0.9835885167121887;0.05544363707304001;0.8441253900527954
87;0.9876181483268738;0.04822355508804321;1e-04;0.8733890056610107;0.9878162741661072;0.04217062518000603;0.8803814053535461
88;0.9889191389083862;0.04312029853463173;1e-04;0.8824977874755859;0.9890980124473572;0.0388905331492424;0.895634651184082
89;0.9853705167770386;0.05869046226143837;1e-04;0.8753272294998169;0.98906409740448;0.03749251738190651;0.8961241841316223
90;0.9908841252326965;0.037339821457862854;1e-04;0.9065544009208679;0.9894090890884399;0.03678546100854874;0.8985209465026855
91;0.9893163442611694;0.04124058783054352;1e-04;0.8909689784049988;0.9908010363578796;0.03209412842988968;0.9084017276763916
92;0.9854508638381958;0.05977209284901619;1e-04;0.8659993410110474;0.9914982914924622;0.03006545826792717;0.9159307479858398
93;0.9876879453659058;0.05227325111627579;1e-04;0.8870031833648682;0.9913027286529541;0.030611874535679817;0.9148514866828918
94;0.989042341709137;0.04280184209346771;1e-04;0.8906596302986145;0.9861706495285034;0.041308000683784485;0.8759407997131348
95;0.9845919013023376;0.05886734277009964;1e-04;0.8525393605232239;0.9898133277893066;0.03247756138443947;0.8892099857330322
96;0.9894350171089172;0.038024984300136566;1e-04;0.8962171077728271;0.9887232184410095;0.03457857668399811;0.8699882626533508
97;0.9827933311462402;0.06965682655572891;1e-04;0.8460006713867188;0.9926388263702393;0.0257075447589159;0.924167275428772
98;0.9914129972457886;0.033385563641786575;1e-04;0.9124592542648315;0.9925974011421204;0.02588537335395813;0.923633337020874
99;0.9919797778129578;0.030943363904953003;1e-04;0.9181743264198303;0.9928198456764221;0.025345688685774803;0.92636638879776
100;0.9855592250823975;0.055742356926202774;1e-04;0.8594924211502075;0.9923930764198303;0.026124628260731697;0.9215997457504272
101;0.9887726306915283;0.04289506375789642;1e-04;0.8849737644195557;0.99109947681427;0.029700471088290215;0.9067271947860718
102;0.9894881844520569;0.04078209772706032;1e-04;0.8782260417938232;0.9921751022338867;0.027070678770542145;0.9201291799545288
103;0.9869155287742615;0.050542816519737244;1e-04;0.8768281936645508;0.9926196336746216;0.02658025361597538;0.9259368181228638
104;0.9883403182029724;0.04808088764548302;1e-04;0.8836379051208496;0.99244225025177;0.025753328576683998;0.9220085144042969
105;0.988209068775177;0.055826280266046524;1e-04;0.8794429302215576;0.9923437237739563;0.02565936930477619;0.9209517240524292
106;0.9891995787620544;0.040364112704992294;1e-04;0.8975858688354492;0.9928930401802063;0.024546490982174873;0.9261491298675537
107;0.9855173826217651;0.05342286452651024;1e-04;0.8613238334655762;0.9926442503929138;0.02652711607515812;0.927096962928772
108;0.9877757430076599;0.04780108109116554;1e-04;0.8813698887825012;0.9915996193885803;0.031343430280685425;0.9137818813323975
109;0.9865202307701111;0.05527758598327637;1e-04;0.8751819133758545;0.9915481805801392;0.03096400760114193;0.9163591861724854
110;0.9877148270606995;0.045681267976760864;1e-04;0.872761070728302;0.9918052554130554;0.029731933027505875;0.9191311597824097
111;0.9883564710617065;0.04330651834607124;1e-04;0.884616494178772;0.9910857677459717;0.03292530030012131;0.9081695079803467
112;0.9890562295913696;0.03954683244228363;1e-04;0.8914972543716431;0.9921497702598572;0.03046114183962345;0.9205851554870605
113;0.989241361618042;0.041623879224061966;1e-04;0.8861420154571533;0.9920605421066284;0.03015005774796009;0.9196102023124695
114;0.9869887828826904;0.05270182713866234;1e-04;0.8835676908493042;0.9924730062484741;0.028404373675584793;0.9233503341674805
115;0.9903958439826965;0.03739219903945923;1e-04;0.9076235294342041;0.9924047589302063;0.027696654200553894;0.923149049282074
116;0.9921254515647888;0.028737157583236694;1e-04;0.9178928136825562;0.9927619099617004;0.026491379365324974;0.9257076382637024
117;0.9915344715118408;0.030864199623465538;1e-04;0.9115251898765564;0.9925989508628845;0.02628069370985031;0.9250819087028503
118;0.9891682267189026;0.03712591528892517;1e-04;0.8909488320350647;0.9903641939163208;0.03116404078900814;0.8969324231147766
119;0.9893643856048584;0.04085034877061844;1e-04;0.8839049339294434;0.9911095499992371;0.02934194542467594;0.9139012098312378
120;0.9849129319190979;0.05917571112513542;1e-04;0.8577492237091064;0.9842911958694458;0.04911459609866142;0.8425185084342957
121;0.9872075915336609;0.04996257647871971;1e-04;0.8710671663284302;0.9886632561683655;0.037387389689683914;0.8813820481300354
122;0.9839329123497009;0.06249729171395302;1e-04;0.8446974754333496;0.9898042678833008;0.033463235944509506;0.905116081237793
123;0.98995441198349;0.04282394051551819;1e-04;0.9040970206260681;0.991118848323822;0.030657146126031876;0.9131456613540649
124;0.9891685247421265;0.04147523641586304;1e-04;0.8898091316223145;0.9913477301597595;0.029266919940710068;0.9149400591850281
125;0.9903814196586609;0.03776455670595169;1e-04;0.907629132270813;0.9919009208679199;0.027632957324385643;0.9184277653694153
126;0.992375910282135;0.027434522286057472;1e-04;0.9191229343414307;0.991871178150177;0.027005480602383614;0.9182040691375732
127;0.9909341931343079;0.035877302289009094;1e-04;0.9127415418624878;0.992127001285553;0.026241904124617577;0.9200408458709717
128;0.9886744618415833;0.044907890260219574;1e-04;0.897591769695282;0.9924779534339905;0.025578724220395088;0.9232276678085327
129;0.9921430945396423;0.028963400050997734;1e-04;0.9121867418289185;0.9924233555793762;0.025510545819997787;0.9228002429008484
130;0.9911745190620422;0.03367948904633522;1e-04;0.9102405309677124;0.9924753308296204;0.024770274758338928;0.9242517948150635
131;0.9894704222679138;0.042121727019548416;1e-04;0.8910126686096191;0.9927926659584045;0.023895468562841415;0.9262650012969971
132;0.9917299151420593;0.028360221534967422;1e-04;0.9177988171577454;0.9928340315818787;0.023500708863139153;0.9264408349990845
133;0.9921256303787231;0.028409557417035103;1e-04;0.9200239181518555;0.9928609728813171;0.02295328862965107;0.9271993041038513
134;0.9904718399047852;0.041023366153240204;1e-04;0.9024674296379089;0.9929162859916687;0.023130612447857857;0.9269111752510071
135;0.9888195991516113;0.04277404025197029;1e-04;0.8858492374420166;0.9922102689743042;0.02378249727189541;0.9220393300056458
136;0.982537567615509;0.06473620235919952;1e-04;0.8337095975875854;0.9907071590423584;0.029563719406723976;0.9085061550140381
137;0.9887887239456177;0.04187170788645744;1e-04;0.8872174620628357;0.9925801157951355;0.02447240985929966;0.9245805740356445
138;0.9911158680915833;0.03275037929415703;1e-04;0.9108303785324097;0.9930192232131958;0.02385774627327919;0.9278371334075928
139;0.9894980788230896;0.042702022939920425;1e-04;0.8996009230613708;0.9931094646453857;0.023906797170639038;0.9291500449180603
140;0.9878619909286499;0.04762290045619011;1e-04;0.8828625082969666;0.9922314882278442;0.027147814631462097;0.9215904474258423
141;0.9904705882072449;0.03756338357925415;1e-04;0.9022729396820068;0.9918176531791687;0.027437835931777954;0.9149045944213867
142;0.9846236705780029;0.06659390032291412;1e-04;0.8614888787269592;0.9919619560241699;0.02728218585252762;0.9150683879852295
143;0.9854030013084412;0.06294926255941391;1e-04;0.8722339272499084;0.9910629987716675;0.02988598123192787;0.9081875085830688
144;0.9926316738128662;0.027245936915278435;1e-04;0.9188127517700195;0.9918210506439209;0.02774636074900627;0.9146562814712524
145;0.9899178743362427;0.037930071353912354;1e-04;0.9066179394721985;0.9918052554130554;0.02788003534078598;0.9150819778442383
146;0.9910169839859009;0.036187734454870224;1e-04;0.9101531505584717;0.9924044609069824;0.02549760788679123;0.9199295043945312
147;0.9915590882301331;0.028804976493120193;1e-04;0.9122757911682129;0.9929333925247192;0.023935459554195404;0.9266490340232849
148;0.9889070987701416;0.04519103094935417;1e-04;0.8887002468109131;0.99241042137146;0.025100506842136383;0.9193297624588013
149;0.989224910736084;0.042602621018886566;1e-04;0.8940012454986572;0.9930973649024963;0.023223893716931343;0.9305600523948669
150;0.9883460998535156;0.05144943296909332;1e-04;0.8705285787582397;0.9930171370506287;0.023150162771344185;0.9282622337341309
151;0.992603600025177;0.026148827746510506;1e-04;0.9243270754814148;0.9936210513114929;0.021151496097445488;0.934542715549469
152;0.992241382598877;0.027406614273786545;1e-04;0.9221057891845703;0.9934883713722229;0.02093455195426941;0.932157039642334
153;0.9913578629493713;0.03313017264008522;1e-04;0.9179238080978394;0.9930973649024963;0.022415928542613983;0.928081750869751
154;0.9932528138160706;0.023728815838694572;1e-04;0.9261841177940369;0.9931239485740662;0.02205342799425125;0.927105724811554
155;0.9930194616317749;0.02426331862807274;1e-04;0.929580807685852;0.9931725859642029;0.021749498322606087;0.9278799295425415
156;0.9900126457214355;0.040379781275987625;1e-04;0.9079094529151917;0.9919599294662476;0.024965478107333183;0.916106104850769
157;0.9899632334709167;0.04567885026335716;1e-04;0.8985339403152466;0.9919705390930176;0.024919800460338593;0.9160324335098267
158;0.990901529788971;0.034612901508808136;1e-04;0.9114898443222046;0.9927101731300354;0.02273556776344776;0.9227442741394043
159;0.9893367886543274;0.04435155168175697;1e-04;0.8945848941802979;0.9930981397628784;0.02145514078438282;0.9275288581848145
160;0.9933328628540039;0.023229245096445084;1e-04;0.9279472827911377;0.9931689500808716;0.021347371861338615;0.927604079246521
161;0.9878110885620117;0.05418446660041809;1e-04;0.8745323419570923;0.9920974969863892;0.02458919957280159;0.9147806167602539
162;0.9887837767601013;0.044786274433135986;1e-04;0.893584132194519;0.9894567131996155;0.032128795981407166;0.8838880658149719
163;0.9886618852615356;0.045783281326293945;1e-04;0.8931577205657959;0.9932933449745178;0.02133134752511978;0.9306612014770508
164;0.9874107241630554;0.05146566033363342;1e-04;0.8784948587417603;0.9940780401229858;0.018871717154979706;0.9390179514884949
165;0.9864603281021118;0.05754440650343895;1e-04;0.8670831918716431;0.9927849173545837;0.02435976453125477;0.9277428388595581
166;0.9904136061668396;0.03492193669080734;1e-04;0.9101228713989258;0.9940149188041687;0.02022777684032917;0.9395644664764404
167;0.9926466941833496;0.026490114629268646;1e-04;0.9205524325370789;0.9939660429954529;0.01996324211359024;0.9383491277694702
168;0.9883270859718323;0.04769627004861832;1e-04;0.8854285478591919;0.9938773512840271;0.020339427515864372;0.9378442168235779
169;0.9894758462905884;0.04620018228888512;1e-04;0.8973065614700317;0.9934472441673279;0.021824222058057785;0.9327585697174072
170;0.9921267032623291;0.02817857824265957;1e-04;0.9193025231361389;0.992350161075592;0.023501338437199593;0.9173383712768555
171;0.9922062158584595;0.028614742681384087;1e-04;0.9146503806114197;0.99294114112854;0.02189343422651291;0.9244840145111084
172;0.9905226230621338;0.03591866418719292;1e-04;0.9013147354125977;0.992746889591217;0.02270238660275936;0.9230248332023621
173;0.9893943071365356;0.0410512313246727;1e-04;0.8954917192459106;0.9926846027374268;0.02224365808069706;0.9228758811950684
174;0.9899235367774963;0.038055624812841415;1e-04;0.9071255326271057;0.992828369140625;0.021974293515086174;0.9243455529212952
175;0.9910711050033569;0.032795049250125885;1e-04;0.9063414335250854;0.9928461909294128;0.02150941640138626;0.9229942560195923
176;0.9898558855056763;0.04244086146354675;1e-04;0.9003986120223999;0.99290931224823;0.02172122150659561;0.9247990846633911
177;0.9880897402763367;0.05142584443092346;1e-04;0.8916919231414795;0.9927495121955872;0.022308271378278732;0.923046350479126
178;0.9935986399650574;0.02273513749241829;1e-04;0.9318405389785767;0.9927526116371155;0.023171614855527878;0.9227110147476196
179;0.9905684590339661;0.032857734709978104;1e-04;0.9075375199317932;0.9930802583694458;0.02302672527730465;0.9268665313720703
180;0.9917958974838257;0.03695463389158249;1e-04;0.9209918975830078;0.9932830333709717;0.02276424504816532;0.9281150698661804
181;0.9892922639846802;0.03761575371026993;1e-04;0.8939592838287354;0.9936332106590271;0.02309543639421463;0.9330102205276489
182;0.9893369078636169;0.04458746686577797;1e-04;0.8984272480010986;0.9935752749443054;0.021769272163510323;0.9331216812133789
183;0.9931554794311523;0.02425367571413517;1e-04;0.9276235103607178;0.9937141537666321;0.021770840510725975;0.9331822395324707
184;0.9912927746772766;0.031663019210100174;1e-04;0.9132298231124878;0.9937077164649963;0.021507425233721733;0.9324929118156433
185;0.9889044165611267;0.04732932150363922;1e-04;0.8797304034233093;0.9942200183868408;0.01972656510770321;0.938552975654602
186;0.9934633374214172;0.022559426724910736;1e-04;0.9328563809394836;0.9942867755889893;0.01958799920976162;0.9397494792938232
187;0.9924110770225525;0.026349900290369987;1e-04;0.9217939376831055;0.9940715432167053;0.020773908123373985;0.9367481470108032
188;0.9883730411529541;0.05149880796670914;1e-04;0.8880102634429932;0.99406898021698;0.020164579153060913;0.9371787309646606
189;0.9899725317955017;0.04043758660554886;1e-04;0.9041954278945923;0.99298095703125;0.023646453395485878;0.9246169328689575
190;0.990181028842926;0.03729730844497681;1e-04;0.9059251546859741;0.9934982061386108;0.023430289700627327;0.9322254061698914
191;0.9924988150596619;0.02557254210114479;1e-04;0.9216395616531372;0.9938527941703796;0.022261403501033783;0.9354662895202637
192;0.99105304479599;0.03740541264414787;1e-04;0.905434250831604;0.9938051700592041;0.02178547903895378;0.9347981214523315
193;0.9930384755134583;0.023864910006523132;1e-04;0.9292840957641602;0.9941189289093018;0.020918741822242737;0.9379677772521973
194;0.9919161200523376;0.026511847972869873;1e-04;0.9177703857421875;0.9940335750579834;0.021018436178565025;0.9364312887191772
195;0.9926596879959106;0.02464378997683525;1e-04;0.9120699167251587;0.9930060505867004;0.022956987842917442;0.9269957542419434
196;0.9887823462486267;0.04030700400471687;1e-04;0.8796876668930054;0.9941568970680237;0.019645612686872482;0.9388753175735474
197;0.9929733872413635;0.024146785959601402;1e-04;0.9253368377685547;0.9941734671592712;0.019384168088436127;0.939193844795227
198;0.9890301823616028;0.04685821384191513;1e-04;0.8849419355392456;0.9938817620277405;0.01972908154129982;0.9353158473968506
199;0.9934790134429932;0.022153478115797043;1e-04;0.9322940111160278;0.9942339658737183;0.018764015287160873;0.939873456954956
200;0.9894061088562012;0.04551773518323898;1e-04;0.8857176899909973;0.9929025769233704;0.02205846458673477;0.9247545599937439
201;0.9907896518707275;0.03494446724653244;1e-04;0.9123216271400452;0.9937115907669067;0.020028922706842422;0.9323519468307495
202;0.9910534620285034;0.03763379529118538;1e-04;0.9095251560211182;0.9926638603210449;0.023638589307665825;0.9183872938156128
203;0.9907051920890808;0.041404567658901215;1e-04;0.917667031288147;0.9936552047729492;0.021956374868750572;0.9311318397521973
204;0.9929550886154175;0.024818578734993935;1e-04;0.9272802472114563;0.9944840669631958;0.02025313675403595;0.942258894443512
205;0.9915403127670288;0.0297221802175045;1e-04;0.9085960984230042;0.994171142578125;0.019887017086148262;0.9380135536193848
206;0.9938621520996094;0.020829953253269196;1e-04;0.9342542886734009;0.9944419264793396;0.019082052633166313;0.9412603378295898
207;0.9900752902030945;0.039151981472969055;1e-04;0.9072670340538025;0.9945050477981567;0.018705099821090698;0.9421156048774719
208;0.993279218673706;0.024319106712937355;1e-04;0.9289088249206543;0.9942779541015625;0.019362086430191994;0.939637303352356
209;0.9928579330444336;0.023564781993627548;1e-04;0.9270339012145996;0.9945841431617737;0.018382960930466652;0.9436519145965576
210;0.9921989440917969;0.030427640303969383;1e-04;0.9208217859268188;0.9945588111877441;0.018233980983495712;0.9432797431945801
211;0.9936431646347046;0.021638579666614532;1e-04;0.9299449920654297;0.994731068611145;0.01750403828918934;0.9452720284461975
212;0.9910532832145691;0.03372029587626457;1e-04;0.9092456102371216;0.9947075247764587;0.0171329528093338;0.9448605179786682
213;0.9934537410736084;0.022786598652601242;1e-04;0.9309256672859192;0.9938923716545105;0.01892319694161415;0.9373890161514282
214;0.987500011920929;0.05574352294206619;1e-04;0.8750115036964417;0.9935416579246521;0.020072486251592636;0.933367133140564
215;0.9910500049591064;0.02956497296690941;1e-04;0.9041656255722046;0.9922423362731934;0.024269703775644302;0.9155260324478149
216;0.9915177822113037;0.031409718096256256;1e-04;0.9192312955856323;0.9924034476280212;0.02313723787665367;0.9169158339500427
217;0.9930557608604431;0.023606618866324425;1e-04;0.9261154532432556;0.9928022623062134;0.023001166060566902;0.9245075583457947
218;0.9868513941764832;0.06059294193983078;1e-04;0.8563513159751892;0.9938362240791321;0.020347854122519493;0.93719482421875
219;0.989342212677002;0.04818584769964218;1e-04;0.8956326246261597;0.9944274425506592;0.01902587153017521;0.9433335065841675
220;0.9910656809806824;0.03270033746957779;1e-04;0.9136367440223694;0.9942642450332642;0.019437016919255257;0.9421893358230591
221;0.991766095161438;0.03183790296316147;1e-04;0.9091127514839172;0.9932202100753784;0.021660754457116127;0.9322264194488525
222;0.9914422035217285;0.03510553389787674;1e-04;0.9211596846580505;0.9932874441146851;0.02200630120933056;0.9334704279899597
223;0.988592803478241;0.04656504467129707;1e-04;0.8888803720474243;0.9926767945289612;0.024439971894025803;0.9268964529037476
224;0.9901420474052429;0.04693422093987465;1e-04;0.9116283655166626;0.9941502213478088;0.020131291821599007;0.9401272535324097
225;0.9904813170433044;0.039307571947574615;1e-04;0.9103462100028992;0.9938424229621887;0.020265422761440277;0.9356987476348877
226;0.993101954460144;0.023601526394486427;1e-04;0.9334968328475952;0.994476318359375;0.01839420571923256;0.9429503679275513
227;0.9946819543838501;0.018886927515268326;2e-05;0.9360558986663818;0.9944522380828857;0.018270274624228477;0.9426603317260742
228;0.993532657623291;0.021908532828092575;2e-05;0.9319812655448914;0.9944517612457275;0.018123967573046684;0.9427993297576904
229;0.9915413856506348;0.03460608050227165;2e-05;0.9181800484657288;0.9944737553596497;0.017911212518811226;0.9429118633270264
230;0.9924468994140625;0.030279282480478287;2e-05;0.922993540763855;0.9943928122520447;0.018002483993768692;0.9423326253890991
231;0.991463840007782;0.032419875264167786;2e-05;0.9248720407485962;0.9944380521774292;0.017898278310894966;0.9429705739021301
232;0.9887847304344177;0.05042070150375366;2e-05;0.8844782114028931;0.9942546486854553;0.01829073764383793;0.9412878751754761
233;0.9923800230026245;0.02704210951924324;2e-05;0.9263079166412354;0.9942505359649658;0.01830214448273182;0.9412388801574707
234;0.9925398230552673;0.02836739830672741;2e-05;0.9251496195793152;0.9942567348480225;0.018288159742951393;0.9412853717803955
235;0.9920532703399658;0.02949071303009987;2e-05;0.919104814529419;0.9943444132804871;0.017901897430419922;0.9421911239624023
236;0.9941306710243225;0.020404651761054993;2e-05;0.9311888217926025;0.9943379759788513;0.017858492210507393;0.9417620897293091
237;0.990799605846405;0.038735516369342804;2e-05;0.9157412052154541;0.9943333268165588;0.017836138606071472;0.9409307837486267
238;0.9940961003303528;0.019787516444921494;2e-05;0.9350357055664062;0.9942132830619812;0.018124237656593323;0.939674973487854
239;0.9924442172050476;0.029498087242245674;2e-05;0.9269843697547913;0.9942389130592346;0.018076587468385696;0.9400465488433838
240;0.9940667748451233;0.02023369073867798;2e-05;0.9373626112937927;0.9943115711212158;0.017786512151360512;0.9410154819488525
241;0.9940736889839172;0.01992255076766014;2e-05;0.9361398220062256;0.9943529367446899;0.017652161419391632;0.94175124168396
242;0.990607738494873;0.036965519189834595;2e-05;0.9040218591690063;0.9942815899848938;0.0178996492177248;0.941412091255188
243;0.9939461350440979;0.020440036430954933;2e-05;0.9365857839584351;0.9942347407341003;0.018096761777997017;0.9406296014785767
244;0.9921182990074158;0.030779259279370308;2e-05;0.9264072775840759;0.9941964745521545;0.01810094527900219;0.9401763677597046
245;0.9937410354614258;0.021974394097924232;2e-05;0.9357010126113892;0.9942675828933716;0.017887677997350693;0.9408248662948608
246;0.9933974146842957;0.022302493453025818;2e-05;0.9247726798057556;0.9935957193374634;0.020320361480116844;0.9340477585792542
247;0.9906536936759949;0.03261174261569977;2e-05;0.908268392086029;0.9944284558296204;0.017489174380898476;0.9423940181732178
248;0.9924242496490479;0.029664190486073494;4e-06;0.9253932237625122;0.9945034980773926;0.017208410426974297;0.943018913269043
249;0.9891594052314758;0.047963500022888184;4e-06;0.8968143463134766;0.9946113228797913;0.01697814278304577;0.9442737102508545
250;0.9911163449287415;0.03626684099435806;4e-06;0.9232715964317322;0.9946739077568054;0.016888827085494995;0.9450184106826782
251;0.9947306513786316;0.018266532570123672;4e-06;0.9387551546096802;0.9946868419647217;0.016889704391360283;0.9452357888221741
252;0.9902383089065552;0.03772978112101555;4e-06;0.9108772873878479;0.9946314692497253;0.017031308263540268;0.9447460174560547
253;0.9928581118583679;0.026643583551049232;4e-06;0.9258105754852295;0.9946974515914917;0.016853513196110725;0.9452882409095764
254;0.9928566217422485;0.026424363255500793;4e-06;0.9293012619018555;0.9945839047431946;0.01715184934437275;0.9442816972732544
255;0.9920806288719177;0.028562823310494423;4e-06;0.9125462174415588;0.9945626854896545;0.01712658628821373;0.9440033435821533
256;0.9944611191749573;0.018978197127580643;4e-06;0.9395133256912231;0.9945601224899292;0.017176443710923195;0.9440446496009827
257;0.991731584072113;0.03278772160410881;4e-06;0.9235000610351562;0.9945903420448303;0.01709030196070671;0.9443286657333374
258;0.9936458468437195;0.021225078031420708;4e-06;0.9396752119064331;0.9946299195289612;0.016975654289126396;0.9446815848350525
259;0.9927958846092224;0.028728315606713295;4e-06;0.9211806058883667;0.9946291446685791;0.016984794288873672;0.9446319341659546
260;0.994056224822998;0.020127063617110252;4e-06;0.9378953576087952;0.9946663975715637;0.016877546906471252;0.9449669718742371
261;0.994426429271698;0.01894616335630417;4e-06;0.940061092376709;0.994648277759552;0.016905440017580986;0.944860577583313
262;0.9901090264320374;0.04447149485349655;4e-06;0.9139894843101501;0.9946408271789551;0.01688486710190773;0.9447590112686157
263;0.9936140775680542;0.022716600447893143;4e-06;0.9293537139892578;0.9946827292442322;0.0167214497923851;0.9451341032981873
264;0.9890244007110596;0.04896729439496994;4e-06;0.8816289901733398;0.9947460889816284;0.01658380590379238;0.9458558559417725
265;0.9940195679664612;0.020218392834067345;4e-06;0.9330762624740601;0.9947152733802795;0.016685225069522858;0.9455499053001404
266;0.9902466535568237;0.03482244163751602;4e-06;0.8994348645210266;0.9946832060813904;0.016739951446652412;0.9453004598617554
267;0.9925359487533569;0.029001642018556595;4e-06;0.9171333909034729;0.9946526885032654;0.016817087307572365;0.9450088739395142
268;0.9937658905982971;0.02095434069633484;4e-06;0.9352864027023315;0.9946348667144775;0.016867754980921745;0.9448742270469666
269;0.9912059903144836;0.03526340052485466;4e-06;0.9129798412322998;0.9946250319480896;0.016896018758416176;0.9448317885398865
270;0.9933072328567505;0.025409920141100883;4e-06;0.9283475279808044;0.9945593476295471;0.017093626782298088;0.9441859722137451
271;0.9928419589996338;0.024766208603978157;4e-06;0.9283856153488159;0.9945818185806274;0.017018208280205727;0.9444600343704224
272;0.9935962557792664;0.023863449692726135;8e-07;0.9342339634895325;0.9945717453956604;0.01706121489405632;0.9444580078125
273;0.9915531277656555;0.03431190550327301;8e-07;0.9194339513778687;0.9945740699768066;0.017128651961684227;0.9445559978485107
274;0.9917477965354919;0.038347478955984116;8e-07;0.9216216206550598;0.99456787109375;0.017121102660894394;0.9444509744644165
275;0.9906361699104309;0.03641989454627037;8e-07;0.9151067733764648;0.9946733713150024;0.016792071983218193;0.9454728364944458
276;0.9947171807289124;0.0179701279848814;8e-07;0.9414685368537903;0.9946371912956238;0.016893086954951286;0.945124626159668
277;0.9904313683509827;0.03974545747041702;8e-07;0.9103009104728699;0.994558572769165;0.017144152894616127;0.9444295167922974
278;0.9937719106674194;0.02125895395874977;8e-07;0.9372372627258301;0.9946485757827759;0.016924256458878517;0.9452805519104004
279;0.9940156936645508;0.02020196057856083;8e-07;0.9388219118118286;0.994638979434967;0.016992155462503433;0.945236086845398
280;0.9933976531028748;0.0240821223706007;8e-07;0.9273953437805176;0.9946258068084717;0.017002461478114128;0.945115327835083
281;0.9917596578598022;0.03534848988056183;8e-07;0.9211859703063965;0.9946244955062866;0.01697004772722721;0.9450989961624146
282;0.9943898916244507;0.019972186535596848;8e-07;0.9402814507484436;0.99463951587677;0.01697845384478569;0.9453048706054688
283;0.9863285422325134;0.06668665260076523;8e-07;0.8739769458770752;0.9945471882820129;0.017287932336330414;0.9444413185119629
284;0.9891064763069153;0.0512511283159256;8e-07;0.9022092223167419;0.994609534740448;0.017029812559485435;0.9449607729911804
285;0.9938358664512634;0.02071020007133484;8e-07;0.9363847970962524;0.9946118593215942;0.01700347289443016;0.9450057744979858
286;0.9926434755325317;0.02796550840139389;8e-07;0.9301809072494507;0.9945916533470154;0.01705705188214779;0.9447649717330933
287;0.9924987554550171;0.028973041102290154;8e-07;0.9261407852172852;0.9945404529571533;0.01717742532491684;0.9442529678344727
288;0.9925506114959717;0.029077379032969475;8e-07;0.931667149066925;0.9945086240768433;0.01723376289010048;0.9439263939857483
289;0.9940756559371948;0.020336836576461792;8e-07;0.9381076097488403;0.9944931268692017;0.017327716574072838;0.9438483715057373
290;0.990502119064331;0.035151343792676926;8e-07;0.9091668128967285;0.9945189952850342;0.01727808080613613;0.9441683888435364
291;0.9948129653930664;0.017466047778725624;8e-07;0.9396988153457642;0.9945269823074341;0.017235102131962776;0.9441906213760376
292;0.9940460920333862;0.020214971154928207;8e-07;0.9366394281387329;0.9945844411849976;0.017013493925333023;0.944627583026886
293;0.9929909110069275;0.026580628007650375;8e-07;0.9236294031143188;0.9945234060287476;0.01722066104412079;0.9440189599990845
294;0.9908673763275146;0.03837060555815697;8e-07;0.9185189008712769;0.9945722818374634;0.01722424477338791;0.9445852041244507
295;0.9918326139450073;0.029669979587197304;8e-07;0.915054440498352;0.9945794939994812;0.01722876727581024;0.9447007179260254
296;0.9905140995979309;0.04159945994615555;8e-07;0.9023146033287048;0.9945409893989563;0.017231564968824387;0.9442487359046936
297;0.9923146367073059;0.029468808323144913;8e-07;0.9172016382217407;0.9946012496948242;0.017084240913391113;0.9448574781417847
298;0.994103193283081;0.020473845303058624;8e-07;0.9369438886642456;0.9946322441101074;0.017026204615831375;0.9451860785484314
299;0.9897845387458801;0.04542132094502449;8e-07;0.9019579291343689;0.9946149587631226;0.017072323709726334;0.9450918436050415
300;0.9942415952682495;0.019851740449666977;8e-07;0.9369191527366638;0.9945269823074341;0.01729450561106205;0.944199800491333
301;0.9931339621543884;0.024426467716693878;8e-07;0.9269750118255615;0.9945381283760071;0.017283426597714424;0.9443358182907104
302;0.990606963634491;0.04008357226848602;8e-07;0.910032331943512;0.9945350289344788;0.017264271154999733;0.9443010091781616
303;0.9942537546157837;0.019734520465135574;8e-07;0.9382370710372925;0.9945497512817383;0.017160695046186447;0.9444206953048706
304;0.9932014346122742;0.02380749210715294;8e-07;0.928037703037262;0.9945756196975708;0.017090387642383575;0.9446873664855957
305;0.9933269619941711;0.022779202088713646;8e-07;0.9324604272842407;0.994618833065033;0.01690998300909996;0.9450655579566956
306;0.9937736392021179;0.02131914533674717;8e-07;0.9328259229660034;0.9945999383926392;0.01704408787190914;0.9448891878128052
307;0.9936010241508484;0.02369597740471363;8e-07;0.9266639351844788;0.994526743888855;0.017237791791558266;0.9441967606544495
308;0.9909065961837769;0.037530552595853806;8e-07;0.9079932570457458;0.9945158958435059;0.017262697219848633;0.9441100358963013
309;0.9933663010597229;0.023125573992729187;8e-07;0.9350881576538086;0.994507372379303;0.017263848334550858;0.9440447688102722
310;0.9935974478721619;0.023898638784885406;8e-07;0.9344951510429382;0.9944894909858704;0.017274945974349976;0.9438338875770569
311;0.9936102032661438;0.02176739275455475;8e-07;0.9360700845718384;0.9944401383399963;0.01739520952105522;0.9434496760368347
312;0.9915466904640198;0.03417371213436127;1.6e-07;0.9224887490272522;0.9945034980773926;0.0172935388982296;0.9439263343811035
313;0.9923841953277588;0.028599264100193977;1.6e-07;0.9195228815078735;0.9945691823959351;0.01710405759513378;0.944563627243042
314;0.992560625076294;0.026649316772818565;1.6e-07;0.9199634194374084;0.9945414662361145;0.01717054285109043;0.9443088173866272
315;0.9940698742866516;0.01994798704981804;1.6e-07;0.9381045699119568;0.9945375919342041;0.01718667522072792;0.9442665576934814
316;0.9941269755363464;0.019887210801243782;1.6e-07;0.9376699328422546;0.9945414662361145;0.017172541469335556;0.9443421959877014
317;0.993562638759613;0.022593757137656212;1.6e-07;0.9337605237960815;0.9945420026779175;0.01712987571954727;0.9443111419677734
318;0.99375981092453;0.020778248086571693;1.6e-07;0.9370952844619751;0.9945777058601379;0.017019949853420258;0.9446542263031006
319;0.9940659403800964;0.019767355173826218;1.6e-07;0.9366124868392944;0.9945554733276367;0.017069056630134583;0.9444341659545898
320;0.9912070035934448;0.037812598049640656;1.6e-07;0.907066822052002;0.9945238828659058;0.017169978469610214;0.9441163539886475
321;0.9868867993354797;0.05949115753173828;1.6e-07;0.8847392797470093;0.9945244193077087;0.01717234216630459;0.9441344738006592
322;0.992656409740448;0.02890104241669178;1.6e-07;0.9269559383392334;0.9945275187492371;0.017185302451252937;0.9441613554954529
323;0.9901009798049927;0.041656725108623505;1.6e-07;0.9089868068695068;0.9945914149284363;0.01695297472178936;0.9447426199913025
324;0.9904776811599731;0.038037627935409546;1.6e-07;0.9095543026924133;0.9945580363273621;0.017078587785363197;0.9444277882575989
325;0.9922284483909607;0.031086033210158348;1.6e-07;0.9241456389427185;0.994618833065033;0.016957830637693405;0.9449613094329834
326;0.9941513538360596;0.019504046067595482;1.6e-07;0.9376345872879028;0.9945694208145142;0.017043791711330414;0.9444843530654907
327;0.9922367930412292;0.02896769717335701;1.6e-07;0.9230066537857056;0.9945290684700012;0.017171354964375496;0.9441090822219849
328;0.9940176010131836;0.020002931356430054;1.6e-07;0.9376439452171326;0.9945588111877441;0.01709926687180996;0.9444310069084167
329;0.9894671440124512;0.04913744702935219;1.6e-07;0.9017079472541809;0.9945986270904541;0.01704990863800049;0.9448685646057129
330;0.994331419467926;0.01916758343577385;1.6e-07;0.9410529136657715;0.9945707321166992;0.017094431445002556;0.9446002244949341
331;0.9933498501777649;0.023465409874916077;1.6e-07;0.9331981539726257;0.99456787109375;0.0171367134898901;0.9446097612380981
332;0.9932516813278198;0.027043387293815613;3.2e-08;0.9323912262916565;0.9945469498634338;0.017122672870755196;0.944332480430603
333;0.9922338724136353;0.02968141995370388;3.2e-08;0.9258713126182556;0.9945777058601379;0.017014484852552414;0.9446094036102295
334;0.9944103360176086;0.01912735402584076;3.2e-08;0.9398294687271118;0.9945536255836487;0.017067624256014824;0.9443832039833069
335;0.9939725399017334;0.02095692791044712;3.2e-08;0.9375040531158447;0.9945528507232666;0.01708821952342987;0.9444155693054199
336;0.9885002970695496;0.05766961723566055;3.2e-08;0.8951514959335327;0.9945601224899292;0.017042385414242744;0.9444670677185059
337;0.991520345211029;0.035892266780138016;3.2e-08;0.9229321479797363;0.994588315486908;0.01692666858434677;0.9447322487831116
338;0.9926708340644836;0.026277031749486923;3.2e-08;0.9178059697151184;0.99456787109375;0.01699368841946125;0.9445604085922241
339;0.9925858378410339;0.028565185144543648;3.2e-08;0.9283831715583801;0.9945976138114929;0.016945425420999527;0.9448068141937256
340;0.9934179186820984;0.02342892251908779;3.2e-08;0.9312914609909058;0.9945437908172607;0.017070665955543518;0.9442809820175171
341;0.9906901717185974;0.0354606918990612;3.2e-08;0.9125280380249023;0.9946040511131287;0.016991226002573967;0.944865345954895
342;0.9933072924613953;0.024579986929893494;3.2e-08;0.9348342418670654;0.9945409893989563;0.01712079718708992;0.944258451461792
343;0.9930916428565979;0.0245109423995018;3.2e-08;0.9279699325561523;0.9945924282073975;0.01702134497463703;0.9447612166404724
344;0.9940714240074158;0.021298611536622047;3.2e-08;0.936168909072876;0.9946213960647583;0.016915686428546906;0.9450044631958008
345;0.9901643395423889;0.03958051651716232;3.2e-08;0.909060001373291;0.9946596622467041;0.01680072210729122;0.9453727006912231
346;0.9908815026283264;0.03998841345310211;3.2e-08;0.885913610458374;0.994659423828125;0.016867805272340775;0.9454003572463989
347;0.9887715578079224;0.049974292516708374;3.2e-08;0.8906763792037964;0.9946852922439575;0.01689341478049755;0.9456443786621094
348;0.9894601106643677;0.04540286585688591;3.2e-08;0.8989831209182739;0.9946767687797546;0.016798289492726326;0.9455313682556152
349;0.9892604351043701;0.042016077786684036;3.2e-08;0.8971607685089111;0.9946203827857971;0.01696855016052723;0.9450846314430237
350;0.9936804175376892;0.024242304265499115;3.2e-08;0.9250705242156982;0.9945570230484009;0.017049040645360947;0.9443877935409546
351;0.990961492061615;0.03729076683521271;3.2e-08;0.9039788246154785;0.9945813417434692;0.016994571313261986;0.9446234107017517
352;0.9901060461997986;0.03869042173027992;6.3999996e-09;0.9062396883964539;0.994640052318573;0.016905706375837326;0.9451801180839539
353;0.9924383759498596;0.031630583107471466;6.3999996e-09;0.928419291973114;0.9946860671043396;0.016743570566177368;0.9455954432487488
354;0.992266058921814;0.03235837072134018;6.3999996e-09;0.9109324216842651;0.9946247935295105;0.016905348747968674;0.9450531005859375
355;0.993719756603241;0.020779728889465332;6.3999996e-09;0.9347718954086304;0.9946969151496887;0.01668824627995491;0.9457364082336426
356;0.9893798232078552;0.04831716790795326;6.3999996e-09;0.8918820023536682;0.9947018623352051;0.01666851155459881;0.9457613825798035
357;0.9915370345115662;0.03263912722468376;6.3999996e-09;0.9191184043884277;0.9946824312210083;0.01676488108932972;0.94563227891922
358;0.9927994608879089;0.026797518134117126;6.3999996e-09;0.9309643507003784;0.9946721196174622;0.016825975850224495;0.9455236196517944
359;0.9915181398391724;0.034426722675561905;6.3999996e-09;0.9229874610900879;0.9947106242179871;0.01672115921974182;0.9458962082862854
360;0.9893656373023987;0.04577763006091118;6.3999996e-09;0.891165554523468;0.9946783185005188;0.01689879223704338;0.945639967918396
361;0.9928918480873108;0.025626393035054207;6.3999996e-09;0.9310377240180969;0.9946912527084351;0.016873236745595932;0.9457942247390747
362;0.9901297688484192;0.04450013116002083;6.3999996e-09;0.9134372472763062;0.9947134852409363;0.01680116541683674;0.9459561705589294
363;0.9927932024002075;0.027626795694231987;6.3999996e-09;0.9281525015830994;0.9946157336235046;0.0170607827603817;0.9450359344482422
364;0.9924165606498718;0.02930637262761593;6.3999996e-09;0.9307867884635925;0.9945937395095825;0.017057353630661964;0.9448052644729614
365;0.9911328554153442;0.03612212836742401;6.3999996e-09;0.9109923839569092;0.9945929646492004;0.017092328518629074;0.9448319673538208
366;0.9936881065368652;0.022494062781333923;6.3999996e-09;0.9310501217842102;0.9945802688598633;0.017128393054008484;0.944702684879303
367;0.9932814836502075;0.02436656877398491;6.3999996e-09;0.931864857673645;0.9945833683013916;0.01706445775926113;0.9446754455566406
368;0.9923679828643799;0.028187628835439682;6.3999996e-09;0.9223241209983826;0.9945906400680542;0.017005281522870064;0.9447281360626221
369;0.9920811057090759;0.031139712780714035;6.3999996e-09;0.9210816621780396;0.9945782423019409;0.01702778972685337;0.9446561336517334
370;0.9930922985076904;0.0266018807888031;6.3999996e-09;0.9211859107017517;0.9945763945579529;0.017041735351085663;0.9446371793746948
371;0.9938651323318481;0.02080255188047886;6.3999996e-09;0.9370837211608887;0.9945606589317322;0.017127102240920067;0.9444969296455383
372;0.9930509328842163;0.026642130687832832;1.2799999e-09;0.9303550720214844;0.9945647716522217;0.017039312049746513;0.9444729685783386
373;0.9919528961181641;0.032617516815662384;1.2799999e-09;0.9234620332717896;0.9945319294929504;0.017176002264022827;0.9441716074943542
374;0.992648720741272;0.02690984308719635;1.2799999e-09;0.9304037690162659;0.9945316910743713;0.017199931666254997;0.9442130327224731
375;0.9921474456787109;0.029828960075974464;1.2799999e-09;0.9266221523284912;0.9945011734962463;0.017283793538808823;0.9438973665237427
376;0.9913855195045471;0.03805194050073624;1.2799999e-09;0.9010588526725769;0.9945352673530579;0.017215954139828682;0.9442267417907715
